id|first_name|last_name
1|Leland|Mixter
2|Gerry|Faughnan
3|Uriel|Arch
4|Hamilton|Walsom
5|Patton|Jaquet
6|Aurthur|Blacklock
7|Perri|Priestman
8|Tiphany|Knath
9|Sherwynd|Della Scala
10|Ravid|Kupker
11|Odille|Medling
12|Timotheus|Smallwood
13|Ruperto|Pfeuffer
14|Libby|Gerard
15|Merrilee|Kolinsky
16|Danna|Vesco
17|Janetta|Ozanne
18|Lelia|Rushbrook
19|Bonita|Beedle
20|Ramsey|de Nore
21|Dillie|Phillippo
22|Clemmie|Beamiss
23|Angelica|Blachford
24|Marmaduke|Woodruffe
25|Carson|Starten
26|Laurena|Eburah
27|Dee|Bastide
28|Bunny|Vaar
29|Sibilla|Whitmore
30|Dani|Vermer
31|Irvin|Van Geffen
32|Tracie|Borsi
33|Adelle|Jaime
34|Ronny|Mealing
35|Debbi|Butteris
36|Mohammed|Delacroix
37|Tandy|Farrens
38|Sherman|Band
39|Hamilton|Bodd
40|Tess|Geraudel
41|Matti|Baughen
42|Fairleigh|Dunsire
43|Shaun|Gladdifh
44|Adella|Fenty
45|Tabbitha|Buche
46|Rhodia|Pauleit
47|Faulkner|Lown
48|Deina|Vinas
49|Cristy|Barosch
50|Antonius|Sherrard
51|Markus|Coopey
52|Carmine|Perks
53|Margarete|Wroughton
54|Randi|McEwan
55|Karyl|Conniam
56|Robert|Le Breton
57|Beauregard|Godspede
58|Luce|Shrieves
59|Skyler|Hulett
60|Josie|Kinig
61|Kym|Faivre
62|Marcile|Devenish
63|Mireielle|Aggs
64|Godwin|McKibbin
65|Silva|Dayley
66|Goddart|Brooke
67|Hermann|Roderigo
68|Clayson|Mallinson
69|Heath|Joanaud
70|Berton|Worsell
71|Leroi|Showalter
72|Feodora|De Minico
73|Selestina|Lecordier
74|Charmaine|Hughill
75|Dukie|Nobriga
76|Mayor|Pennyman
77|Miguel|Biskupek
78|Roshelle|Cardinal
79|Allys|Tillerton
80|Whitman|Iggalden
81|Silvie|Borel
82|Gilbertine|Seggie
83|Chilton|Torritti
84|Augusta|Punyer
85|Elora|Auld
86|Zebulen|Omand
87|Kylen|Bern
88|Courtnay|Sprulls
89|Katerine|Leupold
90|Roselin|Mundow
91|Pamela|Furse
92|Dene|Gianuzzi
93|Collin|Fenck
94|Roley|Sear
95|Albie|Laphorn
96|Myer|McMurrugh
97|Cortie|Jeavon
98|Godfrey|Metson
99|Berke|Mervyn
100|Doro|Dawtry
101|Davine|Emmanuele
102|Caitlin|Wishkar
103|Adriane|Flagg
104|Veda|Huyge
105|Chrisy|Kleinstein
106|Lisle|Peirce
107|Rey|Donett
108|Elsbeth|Heinsius
109|Jany|Trodler
110|Woody|Fetteplace
111|Ara|Pawel
112|Corrinne|Brazelton
113|Lexine|Crickett
114|Mike|Pudge
115|Temple|McGreal
116|Adelle|Cardo
117|Abrahan|Shieldon
118|Dorolisa|Vondrys
119|Joshua|Stangoe
120|Freda|Denizet
121|Kermie|Grogor
122|Estella|Elcock
123|Hali|Deavin
124|Karia|Srutton
125|Stevena|Foukx
126|Davie|Ortsmann
127|Mel|Baines
128|Gusta|Sailor
129|Gay|Freeman
130|Adela|Burgher
131|Mohandas|Yaldren
132|Goddart|Rutter
133|Darius|Iliffe
134|Fred|Lahy
135|Anette|Jiggins
136|Steffi|Strafen
137|Etti|Sate
138|Karlens|Ainscough
139|Avivah|Lyddiard
140|Stewart|Corben
141|Marc|Redborn
142|Cathie|Jenik
143|Mirabella|Kopisch
144|Chad|Craney
145|Terese|Reglar
146|Sasha|Meas
147|Gavan|Mewburn
148|Laetitia|Chastney
149|Heall|Eyeington
150|Bev|Bittlestone
151|Ethelred|Clutheram
152|Vitoria|Beeckx
153|Junina|Lisamore
154|Dasya|Davenport
155|Leonardo|D'Arrigo
156|Robbi|Dougliss
157|Walden|Vannozzii
158|Gray|Soonhouse
159|Ruthe|Murphey
160|Schuyler|Haddick
161|Brietta|Whitter
162|Thornie|Raund
163|Janot|Biggins
164|Dun|Bathoe
165|Galvan|Torns
166|Etan|Sinkins
167|Sinclare|Byatt
168|Randal|Oliveira
169|Karna|Canero
170|Aila|Prium
171|Debera|Cheverell
172|Danni|Tutill
173|Ellis|Penas
174|Tamas|Schubart
175|Tiffany|Eyre
176|Saree|Bavister
177|Hillyer|Edgeler
178|Gawain|Stanfield
179|Lucho|Fullagar
180|Ole|Signorelli
181|Salim|Stride
182|Vlad|Murname
183|Viviana|McQuillan
184|Cynde|Kramer
185|Florentia|Nore
186|Nathaniel|Padkin
187|Bobbee|Macari
188|Annabella|Allday
189|Doroteya|Symondson
190|Shari|Paskerful
191|Emmy|Jorio
192|Franciska|Pidcock
193|Marya|Bilofsky
194|Ingrim|Gillogley
195|Teena|Rawson
196|Anallise|Gilchrest
197|Sebastian|Covil
198|Geno|Casey
199|Cobbie|Hamsley
200|Nickolaus|Bubbins
201|Earvin|Sanbroke
202|Clayborne|Knellen
203|Judye|Toghill
204|Michale|Stalf
205|Elroy|Linton
206|Kin|Balls
207|Arlette|Thorington
208|Tiffanie|McBeith
209|Anallise|Brawley
210|Grover|Ellick
211|Raleigh|Olyunin
212|Marcellina|Washtell
213|Dione|Axelby
214|Kendra|McKean
215|Maurise|Cufflin
216|Brandi|Reisenstein
217|Loise|Claworth
218|Celine|Rabjohn
219|Monica|Dewitt
220|Tades|Bellward
221|Torrey|Vasovic
222|Nadiya|Bedrosian
223|Raviv|Bew
224|Denis|Waymont
225|Mill|Nurcombe
226|Lotte|McKennan
227|Lizbeth|Poizer
228|Dennie|Wetwood
229|Gilberte|Crummey
230|Devlen|Tresvina
231|Gerrie|Vosper
232|Danya|Selland
233|Courtney|Nisot
234|Iona|Gong
235|Chery|Lackington
236|Imogene|Canape
237|Matty|Sturge
238|Brooks|Odde
239|Yul|Baton
240|Agnella|Grieg
241|Tonye|Morrilly
242|Ami|Cale
243|Christy|Woodes
244|Avrom|Bozworth
245|Peder|Bidder
246|Caye|Ravenshaw
247|Thayne|Siggin
248|Radcliffe|Maren
249|Ardenia|Greser
250|Karalynn|Gaskamp
251|Greg|Willas
252|Norris|Delafoy
253|Nicol|Jirusek
254|Harlan|Menichillo
255|Michaella|Kindleside
256|Lu|Fibbitts
257|Denney|Eyeington
258|Sashenka|Chadbourne
259|Anya|Catto
260|Nevin|Keppe
261|Jamesy|Cahan
262|Marla|McAlpine
263|Salvador|Shortan
264|Berkly|Cottage
265|Luigi|Dobrovolny
266|Misha|Tilte
267|Gayel|Mapham
268|Kaila|Rapo
269|Erik|Schlagtmans
270|Rebbecca|Pankhurst.
271|Frank|De Lascy
272|Freedman|Farncombe
273|Megan|Woodwin
274|Devondra|Kennedy
275|Isabelle|Syne
276|Helge|Wynn
277|Jae|Weetch
278|Mack|Munro
279|Shane|Kerry
280|Deeanne|Yushin
281|Sergeant|Zamudio
282|Regen|Chapiro
283|Jermaine|Trace
284|Reggie|Verma
285|Richard|Kelley
286|Lou|Gorthy
287|Gare|Oughton
288|Sissy|Ropert
289|Andros|Bosher
290|Kenyon|Eynald
291|Garold|Foote
292|Rosamund|Mariault
293|Casi|Sambath
294|Alastair|Larkings
295|Katine|Hardingham
296|Loreen|MacIlhagga
297|Faith|Billington
298|Paulo|Forster
299|Joy|Rudgerd
300|Melisande|Redshaw
301|Martin|Lozano
302|Temple|Farlam
303|Tabor|Karpenko
304|Kelwin|Albarez
305|Audy|Sifflett
306|Vern|Messom
307|Morgana|Siveyer
308|Esra|Pennicard
309|Angil|Burnsides
310|Pennie|Aymerich
311|Leicester|Tregien
312|Curtice|Dyball
313|Cody|Pawlik
314|Camel|Pietrzyk
315|Alexandrina|Mounsie
316|Roseann|Trenear
317|Nadine|Tilson
318|Murdoch|Ritch
319|Mada|Sivyour
320|Hubie|Howton
321|Rockey|Spalding
322|Powell|Retallack
323|Adelaide|Redmore
324|Thornie|Gippes
325|Bethena|Torpie
326|Theresita|Chastel
327|Dolph|Polkinhorn
328|Joelynn|Dowling
329|Jany|Howel
330|Noel|Dorking
331|Darlene|Kassidy
332|Clare|Heiss
333|Augustus|Elwill
334|Saw|Cater
335|Grace|Morritt
336|Paton|Esson
337|Jordanna|Shoosmith
338|Cosmo|Gothliff
339|Alva|Simounet
340|Theo|Foro
341|Florette|Pelling
342|Bastien|Peele
343|Doralyn|Carbry
344|Nissy|Kytley
345|Noelani|Brunone
346|Garik|Cassam
347|Hurley|Guillou
348|Dougy|Greatorex
349|Chere|Pieracci
350|Bevon|Corpe
351|Melesa|Kmieciak
352|Birgit|Wickwarth
353|Nicolle|Cutchee
354|Lesley|Calderhead
355|Nickolaus|Langeley
356|Washington|Dodell
357|Janka|Boatswain
358|Tannie|Ostridge
359|Juli|Cuell
360|Appolonia|McRory
361|Frans|Jessen
362|Walden|Talboy
363|Jake|Swires
364|Rooney|Wadham
365|Laverne|Buten
366|Guthrie|Houlison
367|Filide|Halfacre
368|Merilyn|Harkness
369|Halimeda|Beesey
370|Jaime|Palfrey
371|Bron|Salerno
372|Fiona|Melmeth
373|Randy|Postans
374|Jerrine|Billin
375|Chanda|Maron
376|Lind|Oakeshott
377|Jarrett|Wincom
378|Fayre|Espley
379|Rory|Pyzer
380|Jackqueline|Tester
381|Katha|Caseley
382|Yuri|Le land
383|Vanni|Clemow
384|Francene|Relton
385|Galven|O'Hartagan
386|Gery|Stuer
387|Langston|Bream
388|Hilario|Ponten
389|Antonino|Rounsivall
390|Theresita|Kyne
391|Anny|Fendlow
392|Yehudi|Serrier
393|Richy|Fishbourn
394|Carmelle|Garthside
395|Tania|Clampin
396|Lynnet|Balaam
397|Barbra|Claypool
398|Adrianna|Simkiss
399|Tiphanie|Flanaghan
400|Philippa|Crankshaw
401|Yorke|Goseling
402|Bambie|Hurt
403|Corena|Lampitt
404|Arlee|Jillard
405|Lavena|Dunster
406|Sheila-kathryn|Bizzey
407|Tanney|Blackwood
408|Sim|Kindread
409|Consalve|Spiers
410|Sheila|Le Blond
411|Lauren|Gratland
412|Collete|Strangman
413|Theodora|McTrustam
414|Hanni|Bollon
415|Alfreda|Sage
416|Dame|Van den Velde
417|Joana|June
418|Dorene|Selwin
419|Layton|Vose
420|Chrissie|Dikels
421|Ailene|Burbage
422|De|Amiable
423|Eleanora|Fransinelli
424|Ernest|Muggleton
425|Ricky|Chang
426|Dalston|Scowcraft
427|Abeu|Granham
428|Clare|Van Der Straaten
429|Gal|Carvell
430|Coleman|Charles
431|Warner|Stent
432|Babara|Glennard
433|Courtney|Braidford
434|Della|Lassell
435|Amble|Fowley
436|Wallas|McNeillie
437|Dougy|Ripsher
438|Lucy|Mullinder
439|Edin|Brownsworth
440|Ced|Clint
441|Carena|Wapple
442|Kalila|Harly
443|Conrado|Mullally
444|Sandie|Hance
445|Ira|Life
446|Korney|Trodden
447|Homerus|Redolfi
448|Maude|Owlner
449|Galen|Wittrington
450|Maxim|Brewett
451|Lavinia|Shepley
452|Em|Masters
453|Charmane|Millgate
454|Tomkin|Ellse
455|Jenica|Boyett
456|Shelli|Lowseley
457|Brook|Adamou
458|Pernell|Showler
459|Betteanne|Glynn
460|Suki|Ingree
461|Nana|Boultwood
462|Mellie|Harborow
463|Priscilla|Mincher
464|Kenn|Winterton
465|Arron|Marple
466|Traci|Praundlin
467|Jeramie|Balf
468|Doy|Ramsay
469|Kelley|O'Cannon
470|Mirabel|MacFall
471|Sibyl|Walworche
472|Luigi|MacIlraith
473|Max|Warham
474|Daffi|Ormiston
475|Rosco|Locard
476|Madelena|Carbine
477|Leslie|Cuttles
478|Kattie|Ollis
479|Philomena|Applewhaite
480|Carry|Tolworthie
481|Rabbi|Daulby
482|Briano|Demaid
483|Lian|Beavors
484|Tim|Palke
485|Babita|Lomis
486|Thaddeus|Tonkin
487|Guglielmo|Harbison
488|Damien|Kimbly
489|Barclay|Pagett
490|Marys|Maffi
491|Greer|Suarez
492|Tabina|Neeson
493|Clarine|Collocott
494|Brett|McKea
495|Perry|Cohan
496|Humfrid|Jowitt
497|Jeffy|Gilhoolie
498|Farleigh|Carncross
499|Dill|Durrett
500|Larry|Flexman
501|Shalne|Marnane
502|Brynn|McVee
503|Eberto|Chartres
504|Deloria|Demetr
505|Bernhard|Kellington
506|Xena|Andrews
507|Danielle|Dumbar
508|Ysabel|Matt
509|Ertha|McMeekin
510|Morrie|McWhorter
511|Alvina|Espie
512|Charmain|Ethelston
513|Onofredo|Gilchrest
514|Cirilo|Bullant
515|Winnifred|Raithmill
516|Jsandye|Fussey
517|Doloritas|Farden
518|Margi|Donan
519|Stefan|Stanett
520|Merilyn|Whether
521|Elsie|Ollivier
522|Urbano|Jelks
523|Birgit|Oade
524|Ivory|Varndell
525|Errol|Sudy
526|Lucilia|Gallego
527|Joel|Sange
528|Sigismund|Huff
529|Lillian|McLese
530|Frederic|Stanman
531|Darda|Blackadder
532|Cheryl|Avarne
533|Gerik|De Carteret
534|Edan|McAndrew
535|Ethelred|Carthy
536|Rochelle|MacGillavery
537|Ivar|D'Antoni
538|Kelly|Couper
539|Corinna|Pursey
540|Upton|Marks
541|Shir|Pawelczyk
542|Zahara|Egarr
543|Luisa|Wenden
544|Chiquita|Rodinger
545|Jodee|Burkwood
546|Tish|Joselin
547|Charles|Sturte
548|Jeralee|Snary
549|Jeniece|Pelchat
550|Dilly|Pevreal
551|Tod|Fallanche
552|Dionis|Jinks
553|Gisela|Harragin
554|Gard|Found
555|Liesa|Manterfield
556|Drugi|Reder
557|Corbet|Strutley
558|Lionel|Butchart
559|Debi|Mertel
560|Peg|Beningfield
561|Garv|Cutsforth
562|Rudie|Desforges
563|Uta|Gerardet
564|Lenette|Anger
565|Kirby|Scouler
566|Yanaton|Willoughway
567|Leandra|Andresen
568|Doe|Varrow
569|Eveleen|Falconer-Taylor
570|Caesar|Levensky
571|Maddie|Calleja
572|Erwin|Laden
573|Chris|Johnke
574|Nance|Jan
575|Robbin|Ewbanks
576|Arturo|Slyne
577|Wallis|Myrick
578|Dolores|Trustey
579|Glynis|Davisson
580|Dalis|Straw
581|Sid|Alban
582|Marjorie|Meeron
583|Zora|Bruggen
584|Liesa|Avraam
585|Appolonia|McLoughlin
586|Kath|Wotton
587|Gardy|Dargue
588|Joell|Goneau
589|Matthias|Plewes
590|Iolanthe|Jenik
591|Linoel|Blenkiron
592|Rosalynd|Galvan
593|Flore|Tarbett
594|Daloris|Lindstrom
595|Francisco|Sears
596|Thain|Smaile
597|Raeann|Plinck
598|Saleem|Cogle
599|Olag|Willis
600|Rosabel|Fildery
601|Timi|Fyers
602|Delmar|Glenwright
603|Danika|Serjeantson
604|Torry|Howie
605|Hasheem|Kinnen
606|Eloise|Eckert
607|Chrysa|Jales
608|Marieann|Gillions
609|Shanna|Valens-Smith
610|Lizzy|Gorler
611|Yolane|Bote
612|Gnni|Weine
613|Othilia|Hoolaghan
614|Brianna|Lisle
615|Alford|Bolsover
616|Roman|Quaife
617|Davita|Feasby
618|Kristoforo|Djorvic
619|Rhetta|Grunnell
620|Millisent|Scully
621|Deena|Kybird
622|Bridget|Mangeot
623|Llewellyn|Laroux
624|Jacobo|Roubay
625|Clara|Letterese
626|Wyndham|Leuren
627|Peterus|Insall
628|Nil|Borres
629|Ernesto|Henrych
630|Brenn|Van Oort
631|Kordula|Elie
632|Cindie|Pulman
633|Harald|Maylour
634|Ingeborg|Bye
635|Valentin|Treadgear
636|Katerine|Clara
637|Simona|Bramstom
638|Giorgio|Martinetto
639|Andre|Yewdale
640|Darlene|Fairnie
641|Corabel|Martt
642|Kimberley|Palfery
643|Elita|Colisbe
644|Shelton|Orrom
645|Olga|Pidgin
646|Alister|Aasaf
647|Brenn|Casham
648|Kasper|Penhallurick
649|Aubrie|Peggs
650|Vince|Biddle
651|Linda|Gonnely
652|Darwin|Radbourn
653|Markos|Becke
654|Sherlock|Pettersen
655|Tatiana|Parsell
656|Timoteo|Flood
657|Constantino|Tembridge
658|Sallyanne|Le Breton
659|Devonna|Fromant
660|Kearney|Sutterby
661|Nessa|Everiss
662|Theodore|Berndt
663|Greggory|Kerner
664|Lancelot|Birdwhistell
665|Peggie|Bog
666|Valaree|Jelfs
667|Burch|Sissot
668|Jyoti|Garrett
669|Codi|Tebald
670|Oby|Phetteplace
671|Hatty|McGhie
672|Colet|Jannequin
673|Laurene|Sifflett
674|Johann|Grigorian
675|Gabie|Georgievski
676|Beauregard|Matkovic
677|Claudius|Tison
678|Hadleigh|Di Giacomettino
679|Danica|Redgrove
680|Lodovico|Vinas
681|Elmo|Foyston
682|Tatum|Magnay
683|Nikoletta|Gurner
684|Costa|Puddicombe
685|Bink|Hambric
686|Hyacintha|Kopacek
687|Nettle|Salway
688|Ardine|Caulfield
689|Hedvig|Chiverstone
690|Arlene|Bodsworth
691|Star|Kinnard
692|Bridget|Bees
693|Ryann|Morgen
694|Artus|Van Cassel
695|Lanie|Balston
696|Cecilius|Avramow
697|Hollyanne|Baird
698|Nickola|Thornally
699|Charla|Dumphy
700|Adelle|Thomesson
701|Theobald|Lackmann
702|Mara|Horstead
703|Silva|Leathem
704|Eve|Kitto
705|Adrienne|Bittlestone
706|Lindy|Laughtisse
707|Arielle|Mullard
708|Candi|Cammis
709|Noell|Sansam
710|Audrey|Cringle
711|Olga|Deacock
712|Annalee|Tinkler
713|Alanson|Wasteney
714|Mada|Tooby
715|Franklyn|Barczewski
716|Rina|Worg
717|Tirrell|McCord
718|Wyatan|Petrasch
719|Roland|Boxhall
720|Brittni|Giacometti
721|Jewel|Grogono
722|Sigfried|Bonnavant
723|Northrup|Bulward
724|Marnie|Franzke
725|Janet|Englishby
726|Yorker|Dysart
727|Gayla|Wastall
728|Bessie|Sullivan
729|Loutitia|Ferandez
730|Cody|Batha
731|Karoly|Danes
732|Mikel|Winkle
733|Reuben|Leese
734|Leonard|Birchwood
735|Neville|Wesgate
736|Gerik|Vince
737|Luz|Caroline
738|Nehemiah|Rippen
739|Quinta|Adamo
740|Fancie|Mitford
741|Ashien|Bakhrushin
742|Heida|Niblo
743|Raven|Croxon
744|Keenan|Ussher
745|Kev|Perello
746|Kenny|Athey
747|Kinnie|Mees
748|Maurita|Lymbourne
749|Charlton|Tregien
750|Bobby|St Clair
751|Darelle|Bonnier
752|Emogene|Clery
753|Garrek|Rubinivitz
754|Cello|Petty
755|Catie|Press
756|Mab|Ellingford
757|Sigismond|Rassell
758|Joell|Hemphrey
759|Claudetta|Bullick
760|Geoffry|Prosek
761|Bartram|Blind
762|Kaela|Hugo
763|Meridel|McArthur
764|Tammara|Bourley
765|Annabela|Dowzell
766|Ricardo|Moody
767|Margo|Reardon
768|Allison|Sollas
769|Willa|Courtman
770|Remington|Maynard
771|Sharleen|Boeck
772|Virginie|Kelston
773|Billie|Handman
774|Rhoda|Nesbit
775|Bette-ann|Antonchik
776|Webb|Ellacott
777|Rani|Bangley
778|Vincenz|Slyford
779|Cammie|Brauninger
780|Roby|de Clerc
781|Michelle|Dundendale
782|Irena|Dunnan
783|Neill|Straughan
784|Myrilla|Graham
785|Harmon|Lamburne
786|Guntar|Doherty
787|Starla|Grono
788|Matthieu|Collishaw
789|Panchito|Rummin
790|Crichton|Sannes
791|Jaimie|Popplestone
792|Itch|Tyce
793|Louisa|Follett
794|Crissie|Heineking
795|Heath|Kalderon
796|Esteban|Minshull
797|Waldo|Coom
798|Reinald|Vaughan-Hughes
799|Carrie|Orvis
800|Marlowe|Goggins
801|Amble|Rosenbarg
802|Nikki|Pryke
803|Dorothy|Springtorp
804|Irita|Serman
805|Brant|Patinkin
806|Joni|Gormley
807|Jemima|Ritmeyer
808|Alyda|Kinset
809|Pearle|Baselio
810|Bennie|Smerdon
811|Silva|Rodgerson
812|Neila|Bushel
813|Mike|Tunnicliffe
814|Cassie|Mounsey
815|Dotti|Cleminson
816|Teresina|Brownell
817|Herbert|Prater
818|Isadora|Tingcomb
819|Laura|Grishagin
820|Lola|Niessen
821|Leia|Neads
822|Caleb|Amort
823|Ozzy|Singyard
824|Robb|Shulem
825|Luce|Robison
826|Demetri|Cramp
827|Borden|McIlvaney
828|Abe|Rayworth
829|Nettle|Laffin
830|Rafaela|Knappett
831|Alverta|Carter
832|Jedd|Eccleshare
833|Frederick|Endersby
834|Isabeau|McClymond
835|Milicent|Schmuhl
836|Jessalyn|Ough
837|Viv|Brinsden
838|Israel|Licari
839|Nicolea|Calveley
840|Curcio|Ashley
841|Barris|O'Drought
842|Florida|Meredyth
843|Stormi|Poff
844|Tisha|Tween
845|Perrine|Crosoer
846|Adella|Hodgins
847|Nerissa|Ruvel
848|Aprilette|Sneller
849|Laurette|Daine
850|Katinka|Zum Felde
851|Janna|Panketh
852|Lenee|Minto
853|Nahum|Dehn
854|Scarlett|Lammie
855|Faith|Bernardoni
856|Ammamaria|Alfonsetto
857|Selina|Elesander
858|Avrit|Arne
859|Lian|Cowton
860|Alasdair|Kiehne
861|Daven|Farragher
862|Madelina|Parkin
863|Brennen|Highman
864|Ruthie|Metcalf
865|Shandy|Tottle
866|Zitella|Buttriss
867|Arlinda|Riccard
868|Granville|Luckings
869|Delmar|Bezzant
870|Diahann|Cooksey
871|Riobard|Guerola
872|Cilka|Pinsent
873|Heath|Bashford
874|Jules|Erwin
875|Maddi|Iggo
876|Vera|Yon
877|Linda|Messenger
878|Brenn|Milkeham
879|Camille|Jolliss
880|Vivia|Deere
881|Monte|Barkly
882|Harper|Piddocke
883|Chrotoem|Tabner
884|Willamina|Kenyon
885|Denni|Clapp
886|Nerissa|Leask
887|Mandel|Simmins
888|Adaline|Renshall
889|Loydie|Bolland
890|Titus|Chadbourne
891|Eachelle|Hellings
892|Mozelle|Titt
893|Raff|Cridlon
894|Andre|Sandilands
895|Munroe|Ashborne
896|Demetria|Edgerley
897|Dore|Ridsdell
898|Dunstan|Welland
899|Ernesto|Riddiough
900|Nikolai|Oag
901|Shalom|Kaesmakers
902|Lyndy|Lyes
903|Kristel|O'Brogan
904|Hashim|Fonzo
905|Rafi|Dawes
906|Cherish|Applegarth
907|Giselbert|Stemson
908|Inglis|Gayden
909|Roscoe|Layson
910|Marita|Easlea
911|Reena|Herion
912|Daveta|Manterfield
913|Nettie|Sterre
914|Ileane|O'Glessane
915|Marshal|Dutchburn
916|Elia|Blankau
917|Rhody|Spilsburie
918|Clemmy|Rannigan
919|Teodoro|Duncklee
920|Deidre|Lyenyng
921|Bernelle|Crenage
922|Sherye|Rawstorn
923|Lynda|Gwilliam
924|Sophronia|De Carolis
925|Rachele|Tyson
926|Patti|Luthwood
927|Iggy|Cluse
928|Emmanuel|Blay
929|Jesse|Poley
930|Claiborn|Pulster
931|Cristobal|Castagneto
932|Izabel|Johananov
933|Enrica|Yglesia
934|Quinton|MacDonald
935|Virgil|Buckner
936|Devin|Thurlbourne
937|Norrie|Duthie
938|Lancelot|Leschelle
939|Guillema|Hulse
940|Adara|Orneblow
941|Marieann|MacMechan
942|Titus|Croker
943|Leon|Dybald
944|Reinhold|Haydon
945|Nancy|Deegin
946|Fairlie|Borgnol
947|Ola|Tudgay
948|Edwina|Szymonowicz
949|Jasmina|Smuth
950|Ronnie|Throssell
951|Andres|Dorgon
952|Sarita|Lowers
953|Mart|Bedding
954|Ambur|Thurman
955|Jerrilyn|Jarmyn
956|Evyn|Robley
957|Gwenore|Paszak
958|Wendall|Barz
959|Drud|Nieass
960|Ellyn|Schohier
961|Miran|Hembrow
962|Violetta|Mollatt
963|Margarette|Titterell
964|Willdon|Orr
965|Paolo|Stooke
966|Hortense|Delort
967|Sonnie|Deverock
968|Lucille|Gaylard
969|Jayne|Pala
970|Cam|Battin
971|Marshal|Gaffon
972|Lianne|Islep
973|Novelia|Fleetwood
974|Faythe|Antyshev
975|Rosaleen|Brocklesby
976|Trescha|Richardin
977|Dur|Maciejak
978|Kiele|Gillow
979|Norri|Buckwell
980|Claudette|Lightwood
981|Tilda|Cometti
982|Lenore|Maciaszek
983|Giustino|MacTeague
984|Fawnia|Singers
985|Kristofor|Wolseley
986|Sara-ann|Ballard
987|Matias|Scamadine
988|Mandie|Lorinez
989|Chilton|Feetham
990|Chelsy|Howerd
991|Minna|Sailes
992|Zechariah|McKeown
993|Marlyn|Bruckman
994|Hannis|Bubb
995|Cullie|MacCostigan
996|Tibold|Fosserd
997|Ozzy|Pavese
998|Corny|Casbourne
999|Porty|Eggers
1000|Allyn|McKerrow
